epoch,time,train/box_loss,train/seg_loss,train/cls_loss,train/dfl_loss,metrics/precision(B),metrics/recall(B),metrics/mAP50(B),metrics/mAP50-95(B),metrics/precision(M),metrics/recall(M),metrics/mAP50(M),metrics/mAP50-95(M),val/box_loss,val/seg_loss,val/cls_loss,val/dfl_loss,lr/pg0,lr/pg1,lr/pg2
1,7.40611,1.04215,2.40265,3.7289,1.15987,0.01627,0.36858,0.06456,0.02884,0,0,0,0,1.88469,161.258,3.12594,1.8511,0.08614,0.00014,0.00014
2,14.191,0.98794,1.76489,1.55641,1.05993,0.26254,0.14804,0.11712,0.05119,0.0008,0.01813,0.00041,8e-05,2.72681,24.5813,2.76614,2.24666,0.0712871,0.000287129,0.000287129
3,20.9807,0.85435,1.52509,1.26689,1.01316,0.65851,0.23304,0.34717,0.21906,0.35003,0.12387,0.11687,0.03153,1.69656,8.75904,2.03904,1.29669,0.0564313,0.000431288,0.000431288
4,27.9832,0.81126,1.37993,1.05059,0.99688,0.85812,0.60302,0.74227,0.59395,0.83624,0.58626,0.70148,0.43621,0.77294,3.00204,1.46423,0.87861,0.0415725,0.000572477,0.000572477
5,34.758,0.8408,1.35602,1.00211,1.00729,0.91724,0.80361,0.88469,0.76216,0.89632,0.78354,0.84568,0.61641,0.59492,1.94322,1.05475,0.81582,0.0267107,0.000710696,0.000710696
6,41.6822,0.78273,1.21853,0.87225,0.98686,0.91842,0.81631,0.89911,0.75658,0.91574,0.78798,0.87821,0.64862,0.61696,1.57011,0.91541,0.84258,0.0118459,0.000845945,0.000845945
7,48.7063,0.83202,1.30292,0.97326,1.02023,0.90619,0.86405,0.9051,0.7794,0.90302,0.86103,0.90381,0.73923,0.55452,1.10254,0.73033,0.83254,0.0009406,0.0009406,0.0009406
8,55.4246,0.75332,1.19907,0.80891,0.97682,0.93952,0.85498,0.90851,0.79793,0.9431,0.85122,0.90876,0.75858,0.54947,0.9908,0.64897,0.83285,0.0009307,0.0009307,0.0009307
9,62.0862,0.76901,1.24793,0.81109,0.986,0.95305,0.83686,0.9181,0.79168,0.94961,0.83384,0.91409,0.72669,0.53576,1.18206,0.6735,0.84769,0.0009208,0.0009208,0.0009208
10,68.7617,0.76255,1.16044,0.81284,0.9894,0.94061,0.86133,0.91953,0.78997,0.94982,0.85774,0.9205,0.73339,0.55067,1.26889,0.7002,0.85578,0.0009109,0.0009109,0.0009109
11,75.5003,0.75001,1.15649,0.76477,0.9772,0.9607,0.8429,0.92107,0.79443,0.91372,0.89588,0.92906,0.76608,0.55483,0.91428,0.67966,0.85956,0.000901,0.000901,0.000901
12,82.2649,0.73086,1.18328,0.75921,0.98061,0.8979,0.87678,0.91746,0.80319,0.90406,0.88218,0.91961,0.7589,0.5002,0.98021,0.65729,0.84509,0.0008911,0.0008911,0.0008911
13,89.0707,0.73458,1.10584,0.73583,0.97253,0.92367,0.87009,0.91576,0.78127,0.92687,0.87311,0.9112,0.73825,0.56407,1.17322,0.6831,0.85294,0.0008812,0.0008812,0.0008812
14,95.9472,0.75778,1.24849,0.7658,0.98797,0.94884,0.84592,0.92109,0.82054,0.94884,0.84592,0.9216,0.77402,0.48514,0.96014,0.66411,0.84307,0.0008713,0.0008713,0.0008713
15,102.794,0.72439,1.08538,0.73568,0.97301,0.95704,0.85196,0.92602,0.82676,0.9527,0.86103,0.93086,0.77944,0.49101,0.87508,0.60954,0.85724,0.0008614,0.0008614,0.0008614
16,109.611,0.70151,1.01383,0.70554,0.96529,0.94453,0.87613,0.93422,0.8177,0.93112,0.90937,0.94169,0.77387,0.53227,0.91842,0.586,0.85811,0.0008515,0.0008515,0.0008515
17,116.408,0.68937,1.01613,0.68266,0.96292,0.91993,0.86405,0.93045,0.82836,0.92314,0.86707,0.93487,0.78284,0.49161,0.85647,0.58686,0.85793,0.0008416,0.0008416,0.0008416
18,123.277,0.72081,1.11838,0.69201,0.96325,0.95652,0.86103,0.93615,0.81557,0.95652,0.86103,0.93675,0.7881,0.53782,0.88088,0.57674,0.86524,0.0008317,0.0008317,0.0008317
19,129.938,0.67818,1.04533,0.6771,0.94628,0.97026,0.887,0.93674,0.84769,0.96671,0.89426,0.94277,0.81323,0.45223,0.74465,0.54724,0.83697,0.0008218,0.0008218,0.0008218
20,136.717,0.69601,1.0665,0.67365,0.96154,0.9583,0.90265,0.94266,0.84284,0.9527,0.90634,0.9455,0.8091,0.46953,0.76521,0.52297,0.82911,0.0008119,0.0008119,0.0008119
21,143.568,0.66459,1.01357,0.65719,0.9483,0.94341,0.90659,0.94454,0.84795,0.94974,0.91352,0.94319,0.79769,0.45659,0.79097,0.51769,0.82657,0.000802,0.000802,0.000802
22,150.407,0.67806,1.07209,0.65668,0.94431,0.93348,0.89124,0.94029,0.84376,0.92828,0.89944,0.94227,0.79737,0.46334,0.84295,0.53294,0.84048,0.0007921,0.0007921,0.0007921
23,157.304,0.67535,1.02691,0.6591,0.95802,0.95981,0.88218,0.9431,0.83042,0.95249,0.88822,0.94062,0.79037,0.49089,0.905,0.55688,0.84824,0.0007822,0.0007822,0.0007822
24,164.139,0.64543,1.00562,0.62816,0.94635,0.94502,0.88281,0.94472,0.85209,0.93769,0.89728,0.94097,0.79767,0.44692,0.81122,0.53481,0.84407,0.0007723,0.0007723,0.0007723
25,171.135,0.69154,1.13255,0.6723,0.97806,0.96661,0.87454,0.94477,0.83691,0.9727,0.88218,0.94496,0.7959,0.48984,0.82163,0.49593,0.85052,0.0007624,0.0007624,0.0007624
26,177.867,0.68015,0.98329,0.64687,0.9543,0.93426,0.90162,0.94666,0.85517,0.94142,0.90332,0.95092,0.79758,0.44759,0.84228,0.48406,0.83043,0.0007525,0.0007525,0.0007525
27,184.747,0.69924,1.01804,0.72127,0.97464,0.94641,0.90332,0.94586,0.84284,0.95088,0.90937,0.95085,0.80798,0.45613,0.73321,0.49334,0.82932,0.0007426,0.0007426,0.0007426
28,191.491,0.66045,1.00878,0.6324,0.93724,0.93454,0.90937,0.93952,0.85065,0.93834,0.91948,0.94684,0.80672,0.43636,0.72891,0.47015,0.83158,0.0007327,0.0007327,0.0007327
29,198.22,0.64679,0.987,0.60402,0.93792,0.96126,0.89963,0.9454,0.85156,0.96772,0.90567,0.94885,0.81474,0.43972,0.68364,0.46461,0.82889,0.0007228,0.0007228,0.0007228
30,204.912,0.63285,0.96631,0.60235,0.9382,0.92844,0.88218,0.93419,0.84432,0.93161,0.8852,0.93618,0.80072,0.44695,0.73615,0.5297,0.83244,0.0007129,0.0007129,0.0007129
31,211.688,0.63963,0.95113,0.60718,0.93387,0.92403,0.88194,0.93117,0.84419,0.92403,0.88194,0.929,0.78388,0.43755,0.85752,0.51001,0.82823,0.000703,0.000703,0.000703
32,218.466,0.65652,1.07191,0.64398,0.95471,0.96378,0.88417,0.93802,0.83391,0.95511,0.89124,0.94154,0.81589,0.49894,0.73216,0.50182,0.83275,0.0006931,0.0006931,0.0006931
33,225.313,0.64631,0.98414,0.61061,0.94028,0.95516,0.87915,0.93827,0.84524,0.95863,0.88218,0.9384,0.81004,0.44008,0.68875,0.49186,0.83581,0.0006832,0.0006832,0.0006832
34,232.233,0.61256,0.91823,0.57391,0.92582,0.95795,0.87009,0.94616,0.83665,0.96139,0.87311,0.94555,0.81365,0.49081,0.71634,0.50596,0.82945,0.0006733,0.0006733,0.0006733
35,239.018,0.64714,0.97815,0.5754,0.93354,0.96784,0.90937,0.95013,0.8688,0.97105,0.91239,0.95218,0.82496,0.42211,0.67161,0.43329,0.81918,0.0006634,0.0006634,0.0006634
36,245.721,0.61744,0.89481,0.5767,0.93274,0.97121,0.89124,0.94642,0.83882,0.97121,0.89124,0.9504,0.81154,0.49064,0.72609,0.45658,0.83419,0.0006535,0.0006535,0.0006535
37,252.436,0.65939,0.96495,0.58107,0.95026,0.95732,0.88105,0.94514,0.85325,0.95732,0.88105,0.94951,0.80956,0.43763,0.72819,0.47107,0.82407,0.0006436,0.0006436,0.0006436
38,259.047,0.62344,0.96409,0.59464,0.94074,0.964,0.88997,0.94664,0.85379,0.964,0.88997,0.94933,0.8132,0.45198,0.70233,0.43745,0.82575,0.0006337,0.0006337,0.0006337
39,265.703,0.65642,0.97629,0.60702,0.94177,0.94959,0.91061,0.94648,0.87054,0.95277,0.91425,0.94847,0.82173,0.42187,0.71855,0.42712,0.81974,0.0006238,0.0006238,0.0006238
40,272.323,0.64988,0.96685,0.60572,0.93481,0.93168,0.91239,0.94447,0.86035,0.93662,0.90937,0.94327,0.81837,0.41245,0.73587,0.44008,0.82065,0.0006139,0.0006139,0.0006139
41,278.887,0.61811,0.92098,0.57219,0.93785,0.93899,0.86707,0.93874,0.84891,0.93899,0.86707,0.94132,0.80937,0.4347,0.72557,0.472,0.83429,0.000604,0.000604,0.000604
42,285.46,0.6005,0.92974,0.55137,0.92269,0.91626,0.90634,0.93515,0.86039,0.91428,0.90332,0.93833,0.8193,0.40516,0.67257,0.47063,0.81896,0.0005941,0.0005941,0.0005941
43,292.05,0.63106,0.93405,0.58057,0.93074,0.93941,0.91541,0.94642,0.85263,0.94109,0.91705,0.948,0.81633,0.45246,0.71908,0.43729,0.82866,0.0005842,0.0005842,0.0005842
44,298.629,0.59401,0.88405,0.53861,0.92471,0.93384,0.91239,0.94936,0.86601,0.93909,0.91541,0.94817,0.82982,0.39819,0.68827,0.41308,0.82074,0.0005743,0.0005743,0.0005743
45,305.228,0.59851,0.85531,0.54572,0.92428,0.93179,0.90794,0.94894,0.85636,0.94101,0.91569,0.9518,0.8243,0.43847,0.71027,0.42534,0.82412,0.0005644,0.0005644,0.0005644
46,311.816,0.59815,0.88433,0.53985,0.9232,0.95767,0.8885,0.9469,0.85568,0.95548,0.90937,0.95196,0.81501,0.42291,0.74142,0.42844,0.83813,0.0005545,0.0005545,0.0005545
47,318.419,0.59506,0.86324,0.54872,0.91334,0.95249,0.90863,0.94719,0.85285,0.95566,0.91165,0.94883,0.81564,0.43557,0.74007,0.43657,0.82652,0.0005446,0.0005446,0.0005446
48,325.035,0.58898,0.85368,0.52423,0.91807,0.97377,0.89713,0.94923,0.86546,0.9648,0.90634,0.94716,0.82669,0.42218,0.71684,0.41081,0.82615,0.0005347,0.0005347,0.0005347
49,331.631,0.60848,0.91606,0.54328,0.91939,0.95568,0.91239,0.9512,0.85811,0.95595,0.91784,0.95494,0.82469,0.4282,0.71347,0.39847,0.82626,0.0005248,0.0005248,0.0005248
50,338.24,0.56323,0.84501,0.50553,0.90154,0.95739,0.90634,0.9501,0.87123,0.9639,0.91239,0.95541,0.82347,0.40299,0.65982,0.40356,0.81908,0.0005149,0.0005149,0.0005149
51,344.835,0.58572,0.87057,0.52941,0.9119,0.94029,0.90392,0.948,0.86464,0.93715,0.9009,0.94811,0.8147,0.40882,0.67441,0.41094,0.82404,0.000505,0.000505,0.000505
52,351.467,0.6241,0.89603,0.56332,0.91952,0.93594,0.90634,0.94295,0.86597,0.93282,0.90332,0.94322,0.82462,0.39212,0.63858,0.41564,0.82364,0.0004951,0.0004951,0.0004951
53,358.101,0.59283,0.86209,0.51979,0.92145,0.94625,0.90634,0.94622,0.85645,0.94622,0.89728,0.94667,0.81864,0.44427,0.6733,0.42737,0.82993,0.0004852,0.0004852,0.0004852
54,364.866,0.58139,0.84933,0.52646,0.90354,0.94374,0.91218,0.94631,0.86279,0.94685,0.91502,0.94601,0.81408,0.41175,0.67281,0.40453,0.82543,0.0004753,0.0004753,0.0004753
1,29.9678,0.83359,1.59058,1.96772,1.04566,0.90366,0.56568,0.74577,0.5867,0.46483,0.29235,0.21868,0.083,0.83828,31.8444,1.93655,0.93811,0.0676111,0.00032716,0.00032716
2,57.872,0.71597,1.15693,0.79197,0.97748,0.94197,0.84352,0.90223,0.77654,0.93858,0.84688,0.89855,0.69924,0.58437,1.27991,0.91637,0.84926,0.0346046,0.000653955,0.000653955
3,87.1197,0.69928,1.10629,0.69158,0.97514,0.9094,0.86227,0.90285,0.7986,0.9082,0.8533,0.89412,0.726,0.5069,1.18719,0.61389,0.85175,0.00159143,0.000974149,0.000974149
4,116.45,0.68844,1.05798,0.6581,0.97241,0.92512,0.86591,0.92604,0.80594,0.92828,0.87449,0.93255,0.77501,0.52764,0.91697,0.57336,0.86183,0.0009703,0.0009703,0.0009703
5,145.897,0.67006,0.96952,0.64479,0.96611,0.93136,0.85819,0.92474,0.79797,0.94228,0.86479,0.92789,0.76499,0.55085,0.99482,0.62442,0.86989,0.0009604,0.0009604,0.0009604
6,175.137,0.64823,0.97101,0.60473,0.96076,0.93038,0.88216,0.93336,0.82638,0.93442,0.88753,0.93564,0.76757,0.46936,0.94755,0.65152,0.85208,0.0009505,0.0009505,0.0009505
7,204.408,0.64573,0.94807,0.59642,0.96241,0.92454,0.87042,0.917,0.81894,0.928,0.87368,0.91915,0.76805,0.47735,0.99276,0.55302,0.86083,0.0009406,0.0009406,0.0009406
8,233.909,0.63587,0.93993,0.57819,0.95189,0.94214,0.8626,0.92711,0.80311,0.9521,0.87123,0.93187,0.77021,0.52219,0.98315,0.52453,0.90098,0.0009307,0.0009307,0.0009307
9,263.034,0.62499,0.90864,0.55728,0.9516,0.95925,0.88252,0.94209,0.83643,0.96632,0.88856,0.94577,0.80274,0.48367,0.83424,0.4553,0.85145,0.0009208,0.0009208,0.0009208
10,292.587,0.61927,0.8967,0.54201,0.94035,0.96544,0.88803,0.94519,0.85348,0.96988,0.89231,0.94965,0.81266,0.44812,0.81914,0.45043,0.84925,0.0009109,0.0009109,0.0009109
11,321.504,0.60393,0.85831,0.52632,0.94218,0.94655,0.86594,0.92982,0.82768,0.93983,0.87857,0.92929,0.77981,0.47222,0.94306,0.48871,0.8525,0.000901,0.000901,0.000901
12,351.039,0.61783,0.88496,0.52559,0.94873,0.94031,0.89865,0.94429,0.82371,0.94305,0.90465,0.94555,0.79834,0.52114,0.8375,0.44099,0.86099,0.0008911,0.0008911,0.0008911
13,380.508,0.59942,0.86173,0.52174,0.94155,0.91384,0.9022,0.94488,0.85686,0.92044,0.90872,0.94924,0.81815,0.42558,0.76387,0.43594,0.84734,0.0008812,0.0008812,0.0008812
14,409.933,0.58835,0.82806,0.50636,0.93535,0.94221,0.89032,0.94373,0.85407,0.95837,0.8818,0.94278,0.81022,0.44032,0.79511,0.44331,0.85612,0.0008713,0.0008713,0.0008713
15,439.211,0.58165,0.85101,0.50348,0.93304,0.95874,0.88916,0.94508,0.85151,0.96385,0.89083,0.94253,0.80797,0.44984,0.80473,0.42136,0.84658,0.0008614,0.0008614,0.0008614
16,468.734,0.56873,0.82406,0.49119,0.93119,0.94231,0.89405,0.94418,0.84589,0.94539,0.90139,0.95136,0.80685,0.45982,0.76662,0.4201,0.85327,0.0008515,0.0008515,0.0008515
17,498.109,0.56924,0.83514,0.48734,0.93482,0.92798,0.90628,0.94254,0.85302,0.93176,0.91035,0.94655,0.81811,0.4404,0.72947,0.41758,0.84444,0.0008416,0.0008416,0.0008416
18,525.956,0.56164,0.80887,0.47517,0.92866,0.9533,0.89837,0.95227,0.86877,0.95762,0.90245,0.9513,0.82626,0.41306,0.6896,0.37798,0.84071,0.0008317,0.0008317,0.0008317
19,553.228,0.57347,0.82117,0.47387,0.93428,0.9507,0.91769,0.95016,0.85647,0.95492,0.92176,0.94792,0.81465,0.42788,0.7572,0.38063,0.84373,0.0008218,0.0008218,0.0008218
20,579.022,0.56601,0.79846,0.47158,0.93176,0.95383,0.91035,0.95051,0.85414,0.95489,0.91444,0.94972,0.81405,0.44809,0.78959,0.38353,0.85502,0.0008119,0.0008119,0.0008119
21,604.557,0.57511,0.81447,0.47182,0.93118,0.9712,0.89405,0.9471,0.85809,0.97443,0.90062,0.94969,0.81838,0.42955,0.77258,0.40547,0.85136,0.000802,0.000802,0.000802
22,627.559,0.56425,0.81369,0.46856,0.92969,0.9317,0.90057,0.94135,0.85072,0.93503,0.90302,0.93877,0.81192,0.42982,0.76332,0.39766,0.84779,0.0007921,0.0007921,0.0007921
23,653.694,0.56355,0.79453,0.46313,0.93225,0.96725,0.9148,0.95376,0.86015,0.97372,0.92013,0.95873,0.82733,0.43924,0.74203,0.36688,0.84813,0.0007822,0.0007822,0.0007822
24,679.88,0.55491,0.76162,0.45451,0.93424,0.94612,0.92584,0.95371,0.8642,0.95254,0.93236,0.95654,0.82537,0.42418,0.7291,0.35875,0.8442,0.0007723,0.0007723,0.0007723
25,702.598,0.54194,0.77521,0.44618,0.91904,0.93798,0.89979,0.94666,0.85625,0.92912,0.91871,0.94602,0.82915,0.43211,0.66712,0.38698,0.84946,0.0007624,0.0007624,0.0007624
26,723.406,0.55942,0.78669,0.4568,0.92941,0.95169,0.89918,0.94505,0.85011,0.95161,0.90709,0.94239,0.80742,0.44793,0.85263,0.40164,0.8852,0.0007525,0.0007525,0.0007525
27,747.257,0.5333,0.74562,0.43032,0.92251,0.94892,0.91361,0.95497,0.86893,0.95484,0.91932,0.95556,0.82763,0.42477,0.77523,0.35452,0.8516,0.0007426,0.0007426,0.0007426
28,770.296,0.55356,0.76502,0.4396,0.9264,0.96546,0.90302,0.95403,0.86722,0.95969,0.91199,0.95604,0.8278,0.41925,0.7165,0.3693,0.84614,0.0007327,0.0007327,0.0007327
29,789.889,0.54196,0.76578,0.43926,0.92777,0.95715,0.88672,0.94271,0.8561,0.9605,0.8918,0.94253,0.81485,0.4171,0.77316,0.39022,0.84407,0.0007228,0.0007228,0.0007228
30,810.043,0.54395,0.75869,0.43345,0.9203,0.96673,0.89487,0.95307,0.85931,0.95887,0.912,0.95402,0.82955,0.44391,0.73435,0.35891,0.85043,0.0007129,0.0007129,0.0007129
31,829.934,0.54408,0.75617,0.44625,0.92987,0.9693,0.89731,0.9525,0.87457,0.95405,0.91606,0.95096,0.82887,0.40215,0.74363,0.35115,0.83594,0.000703,0.000703,0.000703
32,849.423,0.5417,0.76151,0.4332,0.92012,0.96523,0.90501,0.95253,0.87793,0.95822,0.91597,0.95244,0.83967,0.39168,0.68357,0.33783,0.8416,0.0006931,0.0006931,0.0006931
33,869.021,0.54217,0.76369,0.42739,0.92331,0.95415,0.91584,0.95458,0.87667,0.95437,0.9205,0.95246,0.8283,0.39818,0.70254,0.34901,0.84157,0.0006832,0.0006832,0.0006832
34,886.45,0.53524,0.76049,0.42318,0.9214,0.95862,0.90631,0.95484,0.87598,0.95886,0.91172,0.95448,0.82946,0.38647,0.73128,0.34306,0.84206,0.0006733,0.0006733,0.0006733
35,900.813,0.51642,0.72184,0.41173,0.91162,0.95711,0.91117,0.95574,0.88317,0.96139,0.91524,0.9562,0.83575,0.37716,0.689,0.3253,0.83204,0.0006634,0.0006634,0.0006634
36,916.23,0.51892,0.72603,0.41148,0.91245,0.95011,0.91564,0.95719,0.88608,0.95328,0.92095,0.95726,0.84188,0.37457,0.69128,0.32353,0.83737,0.0006535,0.0006535,0.0006535
37,930.267,0.50978,0.72635,0.40663,0.91078,0.96115,0.89487,0.95279,0.88097,0.96207,0.9096,0.9543,0.83463,0.39098,0.728,0.33186,0.8437,0.0006436,0.0006436,0.0006436
38,946.309,0.51487,0.71687,0.41596,0.91193,0.9503,0.90385,0.95044,0.87553,0.94513,0.92176,0.9531,0.83095,0.39439,0.72366,0.33895,0.83796,0.0006337,0.0006337,0.0006337
39,960.151,0.51477,0.71952,0.40379,0.90921,0.95821,0.91556,0.95467,0.8821,0.96588,0.92289,0.95796,0.84168,0.38613,0.66956,0.32563,0.84092,0.0006238,0.0006238,0.0006238
40,974.743,0.51258,0.7057,0.40609,0.91437,0.97173,0.89976,0.95646,0.87733,0.97199,0.91117,0.95601,0.83759,0.39682,0.69528,0.33215,0.84659,0.0006139,0.0006139,0.0006139
41,990.771,0.50448,0.69986,0.39674,0.9038,0.9396,0.91279,0.95321,0.87952,0.94674,0.92013,0.95739,0.83061,0.3851,0.69215,0.33457,0.83588,0.000604,0.000604,0.000604
42,1004.36,0.50611,0.69413,0.39615,0.91064,0.95004,0.9185,0.95535,0.87847,0.95521,0.92339,0.95582,0.83291,0.40349,0.69379,0.3263,0.84665,0.0005941,0.0005941,0.0005941
43,1015.77,0.51122,0.69243,0.39954,0.91213,0.94949,0.92584,0.95783,0.87002,0.95865,0.92593,0.9601,0.83358,0.4256,0.67442,0.32732,0.84131,0.0005842,0.0005842,0.0005842
44,1026.69,0.51332,0.68946,0.39418,0.90964,0.95098,0.91703,0.95885,0.89218,0.95765,0.92136,0.95993,0.85342,0.35635,0.64348,0.30245,0.83344,0.0005743,0.0005743,0.0005743
45,1039.58,0.50593,0.69162,0.3922,0.90809,0.95495,0.89844,0.94862,0.87786,0.93435,0.92665,0.95086,0.83824,0.38882,0.63991,0.33138,0.84288,0.0005644,0.0005644,0.0005644
46,1049.84,0.50544,0.66603,0.38791,0.90434,0.95177,0.90139,0.94949,0.87992,0.95119,0.90628,0.95038,0.83127,0.38206,0.72413,0.33728,0.84147,0.0005545,0.0005545,0.0005545
47,1067.92,0.50992,0.69564,0.3918,0.91246,0.94809,0.91932,0.95533,0.88372,0.95216,0.92464,0.95622,0.83881,0.38728,0.66858,0.33327,0.83744,0.0005446,0.0005446,0.0005446
48,1080.57,0.49997,0.67956,0.38452,0.90518,0.96302,0.91267,0.95808,0.87225,0.96818,0.91756,0.95876,0.83343,0.42336,0.69332,0.32284,0.84189,0.0005347,0.0005347,0.0005347
49,1092.5,0.50248,0.67515,0.39097,0.90953,0.94708,0.92013,0.95426,0.88636,0.94993,0.9278,0.96205,0.8384,0.37455,0.67466,0.32195,0.83973,0.0005248,0.0005248,0.0005248
50,1102.79,0.4937,0.68698,0.38026,0.89985,0.95961,0.90995,0.95045,0.87801,0.96327,0.9192,0.95367,0.83304,0.37186,0.74267,0.31547,0.84292,0.0005149,0.0005149,0.0005149
51,1113.64,0.50274,0.674,0.38797,0.90683,0.96256,0.91524,0.95679,0.87344,0.96388,0.92013,0.95753,0.82828,0.41199,0.70673,0.31297,0.84347,0.000505,0.000505,0.000505
52,1124.58,0.4948,0.6664,0.37896,0.90534,0.96238,0.90872,0.95668,0.88178,0.96629,0.91198,0.95526,0.83367,0.39119,0.69121,0.31248,0.84178,0.0004951,0.0004951,0.0004951
53,1137.29,0.50528,0.67619,0.38145,0.90386,0.96333,0.92052,0.96001,0.88992,0.96937,0.92864,0.96112,0.84829,0.36203,0.63793,0.30761,0.83667,0.0004852,0.0004852,0.0004852
54,1148.14,0.49499,0.66836,0.37981,0.9081,0.95025,0.92828,0.95923,0.8885,0.95491,0.93204,0.9582,0.84077,0.37429,0.6683,0.3005,0.83956,0.0004753,0.0004753,0.0004753
